temperature,n_tasks,pass_at_1,pass_at_5,pass_at_10
0.0,1000,0.262400,0.696258,0.846000
0.2,1000,0.304200,0.753675,0.897000
0.4,1000,0.355700,0.786738,0.909000
0.6,1000,0.397800,0.811623,0.916000
0.8,1000,0.445800,0.838254,0.925000
