checkpoint_name,step,pass_at_1,compile_rate,mean_tokens,mean_reward
checkpoint-500,500,0.280000,0.520000,82.43,0.352000
checkpoint-1000,1000,0.400000,0.580000,77.22,0.402000
checkpoint-1500,1500,0.360000,0.680000,66.54,0.464000
checkpoint-2000,2000,0.560000,0.740000,58.09,0.536200
checkpoint-2500,2500,0.680000,0.860000,57.60,0.774300
